backlog_error_pts,pressure_pct
2.61,-68.67
-0.59,-71.07
-0.16,-71.77
1.06,-72.91
0.11,-71.4
0.07,-70.74
-0.03,-69.01
-0.3,-67.21
-0.56,-64.97
-0.71,-62.94
-1.0,-61.4
-0.57,-59.37
-0.03,-57.86
0.17,-55.86
0.29,-53.31
0.13,-50.7
-0.47,-47.56
-1.17,-45.81
-1.7,-42.99
-2.46,-40.77
-2.59,-39.99
-2.8,-38.57
-2.3,-36.93
-2.19,-35.3
-1.41,-33.24
-0.73,-31.24
-0.33,-26.23
-0.89,-21.83
3.4,-68.86
-0.5,-66.79
-0.96,-64.21
1.0,-61.33
1.49,-58.09
1.16,-55.01
-0.47,-51.93
-1.21,-48.96
-1.91,-45.4
-2.33,-42.49
-2.44,-39.3
-2.23,-38.1
-3.01,-35.37
-2.9,-31.84
-3.49,-28.84
-3.11,-18.21
-6.64,-10.66
-11.31,-6.01
-14.13,-2.51
-15.03,2.69
-17.11,-0.7
-14.06,0.19
-11.67,1.43
-9.57,2.23
-7.4,2.6
-0.17,0.64
7.47,-1.99
3.11,-54.14
-0.16,-50.64
-0.16,-44.31
-0.33,-35.64
-1.7,-31.0
-1.76,-24.33
-1.79,-18.76
-0.36,-12.54
0.67,-7.34
2.97,-1.07
4.14,-3.11
9.36,-7.33
13.77,-14.5
17.63,-18.1
20.33,-25.94
23.0,-28.66
11.94,-32.14
11.09,-35.71
5.39,-32.64
0.11,-32.27
0.59,-31.14
-2.76,-29.97
-0.63,-29.09
0.96,-28.39
1.8,-27.41
3.76,-26.39
5.99,-24.87
5.23,-52.04
-2.71,-47.07
-6.13,-40.17
-3.16,-35.0
-3.53,-26.46
-0.56,-24.73
1.51,-18.16
2.87,-12.46
4.13,-6.34
4.46,-0.63
5.26,-6.01
7.93,-14.19
10.2,-23.4
14.73,-28.63
18.91,-28.73
22.0,-30.61
12.13,-33.9
6.79,-38.59
5.01,-37.21
-0.1,-36.83
-3.26,-36.19
-1.64,-35.09
-0.87,-34.53
0.81,-34.07
3.73,-32.6
4.73,-32.07
2.63,-46.87
5.01,-42.94
2.51,-38.16
3.2,-30.47
4.61,-24.26
4.54,-19.0
6.67,-11.91
8.69,-0.9
5.67,-0.37
5.17,2.36
0.57,-1.8
1.46,-5.03
0.96,-5.41
3.54,-2.24
3.14,2.37
3.27,4.56
1.19,11.34
-3.27,10.03
-6.54,1.84
-4.19,-1.41
-1.34,-2.39
1.57,-4.83
4.13,-7.0
10.27,-9.99
7.99,-15.11
7.0,-20.81
4.11,-19.37
1.89,-17.8
0.54,-45.66
-3.09,-37.9
-5.06,-28.93
-8.31,-18.49
-2.13,-6.71
0.0,-1.83
1.41,-3.83
11.0,-4.07
14.51,-6.16
19.11,-12.17
26.07,-21.67
13.11,-29.1
5.16,-34.34
3.59,-32.64
-4.83,-27.84
-5.87,-28.27
-5.27,-24.64
-5.41,-23.01
-5.84,-20.13
-4.6,-18.93
-5.77,-20.79
-3.53,-21.89
0.57,-22.81
2.1,-20.53
5.29,-18.71
7.23,-19.07
2.56,-37.3
3.87,-30.11
2.46,-23.86
3.69,-11.77
4.43,-1.3
5.06,-7.44
9.64,-10.8
16.1,-19.33
22.9,-29.14
15.0,-34.69
6.94,-40.14
-1.24,-33.64
-3.49,-34.49
-4.01,-28.43
-4.73,-23.94
-4.73,-23.99
-2.5,-21.79
-4.21,-20.83
-4.96,-16.94
-3.76,-14.86
-2.34,-16.14
-1.2,-13.53
-0.3,-14.27
2.96,-15.01
5.7,-13.56
7.63,-11.7
9.61,-12.91
5.44,-35.83
10.51,-29.43
3.41,-21.41
2.07,-12.7
-1.79,-0.66
-0.8,-9.03
8.19,-13.64
15.24,-15.09
19.06,-25.44
11.29,-30.7
1.4,-38.33
-3.93,-33.19
-4.86,-33.86
-4.54,-27.76
-2.31,-24.53
-1.71,-20.14
-2.56,-17.23
-3.21,-18.74
-3.83,-13.11
-4.17,-11.04
-6.04,-4.74
-8.17,-6.81
-6.96,-5.87
-3.49,-5.84
-2.27,-7.6
0.49,-11.16
3.2,-12.96
6.33,-13.3
0.39,-36.79
3.07,-29.46
8.23,-18.74
12.16,-11.34
7.76,-1.34
2.67,-12.16
5.0,-18.86
11.31,-21.56
18.96,-21.84
25.03,-25.04
11.56,-29.76
3.1,-39.84
-3.13,-36.53
-3.97,-33.87
-3.84,-33.79
-4.33,-30.29
-5.89,-26.54
-4.41,-26.21
-3.36,-21.89
-5.54,-18.81
-5.79,-17.01
-3.84,-17.27
-3.46,-15.74
-1.7,-13.23
-0.09,-14.37
3.37,-12.04
4.93,-12.83
5.69,-14.39
2.67,-41.89
5.7,-31.67
0.97,-23.89
0.9,-14.47
0.4,-5.79
0.64,4.23
3.8,-0.76
9.64,-14.69
20.24,-27.03
25.79,-41.77
23.63,-50.96
12.17,-58.04
2.47,-55.9
-1.73,-55.96
-2.17,-58.43
-1.9,-62.29
-1.19,-61.63
0.31,-63.77
-0.04,-65.31
0.84,-68.3
0.2,-69.71
-0.99,-66.16
0.37,-70.3
1.06,-71.96
-0.01,-68.03
0.89,-72.01
5.26,-34.21
10.81,-28.11
4.74,-19.57
3.04,-8.01
-3.16,-1.59
-3.31,-12.27
2.8,-14.61
12.03,-16.0
19.19,-19.11
11.99,-28.4
3.74,-36.67
-3.63,-34.96
-4.0,-29.14
-4.54,-29.36
-4.91,-27.11
-3.73,-23.49
-3.46,-22.24
-4.91,-19.76
-4.04,-14.24
-5.61,-15.54
-4.26,-16.33
-2.4,-16.63
-0.41,-16.8
0.67,-14.89
2.96,-11.9
5.94,-14.27
3.79,-36.4
8.77,-26.07
4.86,-16.09
3.5,-7.43
-1.34,-0.1
-0.27,-9.67
7.26,-12.99
16.86,-17.26
21.8,-25.57
5.66,-34.19
4.71,-43.61
-1.53,-37.19
-2.64,-34.29
-3.17,-30.87
-4.49,-27.36
-5.59,-26.91
-4.26,-19.64
-6.66,-16.47
-6.67,-12.71
-5.0,-13.39
-3.43,-11.67
-2.59,-11.81
-0.44,-13.04
3.83,-11.71
6.41,-12.6
8.16,-13.03
3.43,-38.53
5.94,-26.26
2.7,-17.54
1.5,-11.4
1.53,-0.77
0.6,-4.33
8.26,-7.3
16.67,-8.99
21.49,-19.97
11.69,-27.84
3.21,-34.86
-3.17,-33.79
-4.04,-28.1
-4.77,-22.67
-4.57,-23.4
-2.47,-22.9
-2.56,-21.13
-2.3,-15.59
-2.5,-15.67
-1.29,-13.17
-2.0,-12.4
-1.29,-10.01
0.01,-11.7
1.79,-11.31
4.81,-12.04
6.26,-12.44
8.19,-13.41
6.66,-39.9
14.27,-30.87
21.29,-21.1
13.5,-7.93
3.41,-8.63
-3.84,-8.96
-2.56,-5.7
0.0,0.1
0.17,-10.27
7.09,-17.03
13.93,-21.3
19.39,-27.56
11.07,-31.66
2.99,-35.89
-3.71,-34.36
-4.3,-34.19
-5.29,-33.3
-4.49,-28.77
-3.49,-25.47
-4.07,-20.56
-3.33,-16.93
-3.0,-16.17
-1.67,-16.71
-0.17,-17.61
0.86,-19.46
2.61,-20.07
2.67,-38.7
6.94,-28.1
1.46,-19.67
-1.87,-8.47
-6.43,0.43
-4.87,-5.26
5.46,-5.56
16.83,-11.2
23.23,-20.11
6.07,-29.61
-2.97,-43.67
-3.83,-39.17
-5.49,-36.37
-4.96,-31.07
-5.13,-27.23
-7.91,-26.81
-5.81,-23.37
-5.17,-19.97
-5.67,-18.77
-6.43,-19.21
-3.5,-15.9
-2.71,-14.07
-0.49,-14.76
1.11,-16.29
3.29,-16.53
6.76,-14.73
2.97,-74.59
-1.73,-74.89
1.81,-74.11
-0.31,-71.81
-0.36,-70.37
-0.54,-68.46
-0.27,-63.99
-1.89,-62.99
-2.34,-61.17
-2.7,-60.17
-0.6,-57.67
0.23,-56.39
0.43,-53.86
0.61,-52.44
0.54,-50.17
0.26,-48.71
0.11,-42.33
-2.3,-40.29
-3.46,-37.66
-4.64,-36.79
-5.03,-35.24
-4.63,-35.06
-3.64,-36.31
-0.64,-34.89
0.1,-34.26
2.27,-28.56
2.06,-28.74
3.63,-70.14
7.07,-67.26
1.29,-65.51
-1.73,-64.84
0.69,-64.27
0.47,-61.73
0.41,-58.86
-0.19,-56.79
-0.39,-54.89
-0.41,-51.94
-0.74,-50.21
-0.63,-47.43
-0.59,-46.76
-1.1,-44.99
-1.39,-42.76
-1.44,-39.51
-1.93,-37.5
-2.29,-32.69
-3.49,-29.31
-4.07,-28.49
-3.7,-26.2
-3.6,-24.53
-3.13,-21.71
-2.44,-19.31
-2.9,-13.36
-4.46,-8.96
-5.13,-5.36
-6.66,-1.16
3.41,-71.67
-0.29,-67.49
0.29,-67.34
1.06,-64.47
1.16,-60.61
-0.31,-56.33
-1.07,-54.33
-1.01,-50.27
-0.84,-47.09
-0.81,-40.59
-1.59,-38.11
-1.89,-35.21
-1.89,-34.96
-1.57,-32.33
-1.29,-29.16
-0.86,-26.67
1.2,-22.69
1.01,-16.86
-0.09,-15.4
0.44,-12.31
1.01,-9.19
1.23,-6.66
1.4,-5.34
2.1,-5.53
2.69,-6.16
3.64,-6.69
4.51,-2.81
4.73,-0.14
3.44,-68.07
0.59,-64.66
0.74,-64.89
0.93,-56.64
-1.36,-46.76
-5.49,-38.27
-11.47,-33.33
-11.53,-26.87
-14.06,-22.36
-15.64,-16.86
-11.19,-12.61
-11.11,-6.07
-5.91,-1.26
-5.76,4.33
-2.54,1.53
3.97,-0.64
9.93,-4.37
13.5,-11.33
16.89,-18.87
20.67,-22.53
23.63,-28.23
14.31,-34.31
14.87,-39.69
11.87,-39.76
8.97,-39.51
5.5,-42.07
2.94,-42.16
3.7,-52.7
6.74,-47.47
1.44,-41.71
0.63,-35.23
-0.94,-29.73
-0.14,-24.04
3.46,-17.36
4.6,-11.63
5.29,-5.71
4.87,-1.27
3.24,2.31
0.61,-8.07
4.54,-9.94
7.81,-14.66
12.04,-17.23
15.26,-20.23
19.36,-24.21
14.09,-27.06
8.67,-31.71
7.83,-29.24
2.7,-27.41
-1.01,-24.83
-5.57,-23.64
-5.6,-24.06
-3.36,-24.1
-0.33,-23.23
1.73,-25.84
3.73,-25.76
5.36,-47.4
10.11,-41.61
16.83,-35.81
10.91,-29.43
10.29,-23.6
6.4,-15.93
6.77,16.76
-12.97,-8.97
-4.84,-15.47
3.3,-20.19
10.56,-26.64
18.0,-32.19
24.86,-39.23
29.81,-47.47
14.43,-55.19
5.69,-58.5
-2.19,-60.03
-2.17,-60.36
-3.13,-62.56
-1.01,-62.94
-1.03,-65.16
-0.36,-66.27
-0.8,-68.36
-0.17,-69.79
-0.14,-69.21
-0.14,-70.71
-0.26,-75.39
0.3,-78.21
3.97,-48.81
6.93,-44.56
3.56,-38.43
5.13,-33.26
5.16,-27.17
7.73,-21.53
8.99,-15.0
11.03,-6.49
9.61,0.53
5.09,-10.89
5.01,-17.93
9.33,-21.64
10.17,-23.19
14.06,-22.47
19.23,-23.23
13.31,-26.07
7.71,-32.24
3.83,-30.89
3.49,-27.67
-1.5,-23.2
-6.67,-21.13
-6.31,-21.74
-5.56,-20.09
-3.06,-19.64
-0.87,-18.86
0.44,-18.67
1.29,-20.43
3.07,-18.59
3.31,-67.74
0.01,-64.59
-0.41,-65.39
0.01,-59.4
-1.93,-49.46
-6.61,-41.99
-11.77,-36.43
-13.46,-29.41
-17.33,-21.44
-15.94,-17.23
-17.93,-12.0
-13.99,-5.5
-15.47,-3.03
-11.93,2.01
-12.24,-0.81
-4.31,0.59
-0.04,6.0
7.63,5.21
11.56,0.36
15.47,-8.21
18.64,-17.14
13.63,-25.49
9.59,-30.24
7.91,-29.01
5.04,-28.87
5.59,-27.76
3.81,-26.34
1.69,-26.33
3.14,-49.3
4.69,-44.93
2.8,-39.29
4.4,-33.0
4.56,-20.63
3.66,-10.06
0.3,-1.57
-1.11,-5.4
1.6,-3.31
2.54,-3.59
6.39,-4.69
12.2,-6.03
17.49,-10.9
8.06,-17.79
7.43,-24.21
4.16,-21.13
0.57,-17.96
-4.73,-18.8
-4.3,-12.41
-5.66,-13.13
-5.99,-12.91
-6.49,-13.84
-6.09,-10.94
-2.96,-12.14
-1.0,-12.41
0.83,-9.67
1.27,-9.71
3.91,-39.13
9.51,-27.49
14.56,-19.89
12.6,-11.76
7.51,-2.86
2.2,-1.94
-0.14,-14.33
5.14,-16.86
11.01,-16.11
15.89,-16.6
8.13,-23.66
6.63,-28.3
-0.94,-23.5
-2.87,-19.47
-8.13,-15.97
-5.54,-13.29
-3.64,-9.3
-3.51,-9.01
-1.49,-6.16
-0.5,-2.44
-0.29,-6.21
3.39,-8.76
5.83,-17.09
10.16,-25.07
15.27,-34.34
20.16,-41.26
25.87,-46.24
24.56,-47.37
5.84,-37.1
10.69,-27.4
3.39,-20.43
2.29,-13.96
2.7,-2.2
-1.14,6.77
0.24,-10.83
11.61,-21.84
20.87,-34.44
31.56,-47.33
9.66,-54.3
-1.94,-63.76
-0.8,-61.99
-1.11,-65.21
-0.49,-66.53
0.46,-70.76
0.67,-70.56
-0.14,-72.51
-0.89,-60.74
-3.64,-67.43
0.44,-68.53
0.81,-70.11
-0.67,-64.84
-0.93,-68.76
-0.3,-66.6
-1.29,-72.47
4.44,-40.73
8.64,-32.56
3.29,-26.17
2.71,-19.73
-1.89,-9.31
-2.71,-2.56
-0.94,8.44
-1.03,-6.54
9.14,-15.44
20.44,-26.49
29.44,-40.9
8.76,-52.31
-1.27,-62.4
-1.79,-60.91
-1.79,-61.46
-1.71,-59.44
-2.2,-62.0
-1.47,-62.23
0.33,-62.96
-0.7,-63.14
-2.04,-66.09
-0.19,-67.94
0.74,-67.36
-0.27,-67.7
-0.01,-70.29
-0.19,-64.74
-0.1,-66.03
3.87,-38.97
5.27,-34.44
1.74,-27.34
1.66,-17.59
3.96,-7.67
7.14,1.61
7.96,-5.76
10.14,-11.36
12.46,-19.57
17.73,-23.97
22.67,-26.81
10.23,-28.34
3.84,-32.59
2.49,-30.79
-3.54,-23.23
-4.06,-21.37
-3.99,-21.63
-4.89,-17.61
-4.47,-13.8
-5.5,-15.14
-3.39,-12.51
-3.61,-10.46
-3.36,-7.43
-3.47,-10.0
-1.07,-10.97
1.4,-8.66
2.71,-9.33
3.83,-9.01
2.6,-74.57
-0.51,-73.11
0.99,-72.27
2.1,-70.43
2.13,-68.87
1.39,-67.63
0.83,-65.59
-0.1,-63.49
-0.49,-60.97
-1.4,-59.13
-1.29,-57.16
-1.04,-55.17
-1.66,-53.57
-1.09,-51.63
-0.76,-49.13
-0.96,-47.44
-0.64,-45.04
-0.23,-42.8
-0.5,-40.83
-0.64,-38.46
-0.89,-38.33
0.17,-37.63
1.23,-37.14
2.24,-36.71
3.76,-36.27
5.14,-35.56
6.33,-34.21
7.23,-33.13
3.01,-73.57
0.26,-71.96
0.43,-69.8
0.0,-70.8
0.3,-70.07
0.63,-68.73
0.17,-66.6
-0.29,-64.69
-0.8,-30.14
-17.49,-45.89
-17.04,-43.27
-17.01,-41.77
-17.16,-39.89
-17.37,-38.37
-17.53,-36.84
-17.44,-35.54
1.01,-30.39
0.71,-31.06
2.47,-28.83
3.5,-29.51
4.27,-30.27
4.83,-31.31
3.2,-34.39
4.7,-36.73
4.6,-37.8
4.74,-40.44
6.04,-7.36
-9.34,-21.41
3.07,-73.49
-0.06,-71.67
0.56,-72.06
0.27,-71.79
0.54,-70.13
0.7,-68.63
0.5,-66.66
-0.23,-64.81
-0.77,-62.83
-1.26,-60.11
-1.33,-58.89
-0.93,-56.91
-0.57,-54.8
-0.99,-53.74
-0.27,-50.91
-0.59,-48.4
-1.14,-47.06
-1.23,-45.77
-0.81,-43.26
-1.44,-41.64
-1.89,-39.9
-1.73,-38.29
-1.04,-35.97
-1.06,-33.96
-1.2,-34.7
-0.31,-35.0
0.44,-34.46
1.79,-32.67
4.31,-72.51
-2.6,-69.77
1.03,-69.87
0.31,-69.24
0.91,-67.57
1.71,-64.43
0.81,-63.0
0.97,-59.71
-0.59,-57.27
-0.76,-55.03
-1.21,-52.74
-1.4,-50.04
-0.83,-48.4
-0.51,-45.93
-0.46,-44.06
-0.06,-40.59
-0.39,-38.83
-0.14,-36.26
-0.13,-34.79
-0.16,-33.66
0.54,-33.14
1.56,-31.84
2.63,-30.83
4.13,-29.89
5.34,-26.91
5.54,-23.24
4.67,-22.03
2.66,-68.69
0.41,-65.61
0.11,-65.5
0.17,-65.1
1.09,-62.54
1.51,-60.16
1.0,-57.7
0.04,-55.84
-0.54,-52.81
-1.14,-48.39
-2.06,-44.84
-2.89,-41.5
-4.2,-38.16
-5.27,-34.49
-6.47,-31.11
-8.0,-28.0
-7.79,-24.96
-7.3,-21.4
-7.99,-18.91
-7.07,-16.14
-5.61,-14.74
-5.06,-13.1
-2.73,-10.1
-2.26,-8.34
0.31,-0.84
-0.44,4.16
-1.91,8.2
-2.99,2.2
3.57,-66.94
7.41,-63.73
1.7,-61.34
-1.94,-59.71
0.59,-57.3
0.5,-55.1
0.14,-51.94
-0.46,-49.33
-0.73,-46.1
-1.01,-43.71
-0.49,-40.54
-0.56,-37.17
-0.66,-34.17
-0.86,-31.14
-1.39,-24.73
-3.24,-24.31
-3.41,-24.11
-3.2,-21.27
-3.41,-17.94
-3.26,-15.91
-3.21,-12.74
-2.87,-9.89
-2.16,-4.07
-3.46,-3.17
-0.91,-0.71
-0.87,2.21
-0.86,1.96
-0.74,-0.26
4.86,-61.51
-4.5,-58.53
-9.09,-51.47
-4.21,-44.56
-3.94,-35.67
-2.2,-28.31
-4.99,-25.11
-5.26,-19.19
-5.79,-11.97
-5.96,-7.61
-4.67,-3.5
-0.06,2.31
2.89,-0.44
7.24,-10.77
14.47,-20.93
21.54,-30.34
27.24,-39.99
32.33,-46.61
38.21,-54.73
27.61,-58.27
12.67,-60.91
5.0,-62.74
-1.89,-64.01
-2.2,-67.07
-0.27,-69.34
0.67,-71.61
4.17,-56.34
-0.43,-49.97
-2.3,-39.7
-3.87,-33.74
-4.01,-29.11
-2.69,-23.7
1.47,-18.1
3.46,-12.34
8.76,-5.53
9.34,2.14
7.1,-7.13
9.31,-13.49
11.09,-18.6
12.33,-21.19
14.5,-24.69
18.1,-24.9
13.2,-25.26
7.46,-29.04
6.2,-25.43
1.09,-23.51
-2.49,-22.03
-6.03,-22.27
-5.23,-24.11
-2.99,-23.71
-0.51,-23.39
1.96,-25.57
4.76,-24.34
5.69,-22.74
0.53,-54.1
0.16,-48.27
-0.27,-41.41
-0.66,-35.04
-2.04,-30.2
-0.56,-24.2
0.57,-17.26
1.54,-11.66
2.5,-4.33
2.7,2.27
4.86,-1.91
9.56,-5.81
12.41,-11.54
14.67,-17.73
18.41,-21.06
21.91,-24.71
13.89,-27.24
8.21,-33.69
4.11,-29.54
-1.87,-28.99
-2.4,-28.21
-5.64,-28.26
-3.71,-27.3
-2.84,-27.33
-0.6,-25.84
1.09,-25.41
4.34,-25.44
5.63,-24.66
3.01,-51.17
5.2,-46.46
0.6,-39.47
-0.77,-34.1
-3.1,-27.99
-0.99,-22.27
0.21,-18.26
2.73,-14.41
3.69,-5.23
3.56,0.59
3.37,-4.33
6.54,-8.64
9.96,-13.43
12.63,-19.76
16.87,-22.0
19.91,-25.99
14.63,-28.91
9.14,-29.69
4.06,-29.49
-0.37,-28.37
0.07,-27.8
-2.63,-27.13
-0.44,-25.89
0.73,-25.86
3.1,-26.21
6.79,-24.37
7.83,-23.27
2.47,-70.94
-1.34,-71.49
-2.73,-70.63
-0.2,-68.76
1.84,-67.29
0.69,-65.84
0.03,-63.43
-0.27,-61.6
-1.03,-60.24
-1.5,-60.77
-1.24,-59.63
-0.49,-57.21
-0.16,-51.44
-2.53,-51.39
-2.54,-48.29
-3.34,-47.79
-3.46,-46.99
-3.61,-44.06
-1.74,-41.77
-1.87,-39.51
-1.23,-37.21
-1.57,-37.07
-0.61,-36.06
0.46,-34.89
1.4,-34.43
2.89,-33.46
4.29,-31.2
4.64,-29.19
3.64,-73.14
-0.13,-73.01
0.96,-74.14
0.3,-72.84
-0.09,-70.7
-0.27,-69.69
0.33,-67.57
0.51,-65.67
-0.23,-63.89
-0.33,-61.4
-1.01,-57.86
-1.64,-53.83
-3.04,-51.67
-4.13,-48.11
-5.16,-45.46
-5.11,-42.27
-6.2,-39.4
-5.57,-36.79
-5.34,-33.96
-6.09,-30.91
-5.17,-27.99
-4.5,-27.64
-3.71,-25.39
-1.93,-24.14
0.09,-22.49
0.89,-19.39
2.27,-13.06
1.29,-9.56
3.19,-68.49
-0.51,-65.93
-1.53,-61.76
-1.96,-60.83
-1.67,-59.13
-0.71,-59.14
-0.77,-56.24
-0.14,-52.67
-0.59,-50.31
-0.79,-46.99
-1.43,-44.09
-1.13,-42.54
-0.54,-38.46
-0.13,-36.03
0.1,-29.49
-1.63,-16.64
-7.11,-13.3
-10.57,-7.86
-13.63,-1.93
-17.27,2.33
-19.69,-1.4
-17.57,-1.14
-15.37,-0.47
-11.21,-0.69
-8.64,-0.54
0.81,-0.96
7.69,-3.84
17.61,-12.97
2.67,-68.3
0.16,-64.86
-0.21,-63.43
0.01,-62.79
0.67,-60.16
0.71,-56.43
0.07,-52.63
-0.4,-46.71
-2.29,-36.39
-7.23,-29.24
-11.71,-23.2
-15.81,-13.26
-21.3,-10.21
-21.74,-4.53
-24.41,-0.64
-20.6,5.96
-22.66,1.7
-20.07,1.56
-12.16,3.36
-4.34,4.53
4.66,3.59
9.64,-1.27
16.4,-9.36
20.91,-18.57
9.71,-24.64
7.36,-30.33
1.86,-28.07
-2.49,-24.54
3.91,-52.1
-1.27,-48.49
-2.16,-41.96
-2.7,-35.7
-0.1,-30.99
1.86,-23.93
3.93,-13.77
3.5,-8.94
4.56,-3.11
3.99,0.26
2.41,-10.0
6.83,-13.3
12.34,-16.13
15.71,-19.66
19.11,-20.9
21.13,-25.71
14.46,-29.24
8.39,-32.33
3.19,-31.09
2.7,-27.54
-2.69,-27.8
-5.64,-27.3
-4.71,-26.71
-2.93,-26.34
-0.41,-26.41
2.0,-25.57
3.11,-25.23
4.39,-24.61
3.07,-49.71
6.4,-44.11
2.71,-38.11
2.67,-34.06
1.5,-27.39
2.17,16.61
-15.3,-3.83
-10.53,-2.4
-5.67,-0.09
-3.24,-0.77
0.79,-1.73
4.17,-5.41
29.11,-10.86
8.49,-12.51
-3.57,-41.89
-3.17,-51.89
-2.11,-50.53
-2.24,-45.9
-4.47,-46.19
-4.74,-43.3
-3.14,-42.51
-0.74,-43.61
0.59,-42.3
-0.33,-37.6
-1.13,-37.61
-1.77,-31.44
-4.2,-28.81
-6.86,-25.81
1.96,-34.5
2.81,-25.0
-1.33,-17.23
-1.5,-11.07
-1.54,-3.96
-1.36,4.69
1.49,2.1
8.54,0.8
12.96,-5.59
17.37,-14.97
8.51,-21.7
7.24,-31.53
1.49,-24.86
-4.36,-26.03
-4.81,-19.73
-4.46,-18.0
-3.19,-13.71
-3.4,-9.53
-4.4,-9.07
-2.6,-9.46
-1.9,-6.09
-1.31,-2.4
-0.33,-4.97
1.04,-6.61
2.64,-6.3
4.57,-5.11
6.13,-5.37
6.5,-7.8
2.49,-39.67
5.09,-29.71
-0.5,-22.49
-3.21,-11.59
-4.89,-2.66
-3.0,5.76
1.14,-8.66
14.33,-15.83
23.67,-29.57
31.93,-44.04
9.43,-52.37
-2.41,-65.13
0.69,-68.09
0.27,-69.07
-1.03,-71.89
-0.31,-71.76
-0.06,-69.57
-1.21,-66.86
0.47,-69.49
0.0,-71.74
-0.73,-68.63
0.97,-70.21
-0.14,-73.09
3.53,-38.31
6.11,-29.86
0.23,-21.93
-1.53,-12.94
-1.43,-4.9
0.11,4.56
2.23,-3.81
11.53,-7.83
12.97,-15.83
17.7,-26.03
9.87,-31.21
3.86,-35.73
-2.7,-31.03
-5.87,-30.0
-6.24,-23.83
-7.03,-21.26
-7.31,-20.59
-5.71,-19.79
-6.27,-19.2
-5.97,-9.21
-6.8,-11.2
-4.6,-7.03
-4.44,-8.36
-2.99,-11.97
-1.37,-10.56
0.56,-10.54
5.29,-10.27
6.97,-11.0
5.36,-33.54
10.86,-27.37
5.49,-20.53
5.67,-9.73
-0.11,-2.83
-0.01,1.77
-0.86,-7.2
5.67,-13.56
13.19,-21.87
21.37,-26.04
5.04,-35.17
-2.69,-38.9
-4.31,-39.54
-5.24,-39.31
-5.0,-38.63
-1.77,-33.63
-1.94,-33.96
-1.21,-25.8
-4.77,-27.49
-5.44,-26.09
-6.6,-24.79
-7.94,-26.63
-3.19,-23.37
-1.66,-25.81
1.87,-23.33
4.66,-25.93
8.63,-27.04
3.93,-32.4
9.39,-29.51
7.71,-31.46
13.79,-27.79
13.69,-23.1
15.83,-24.76
13.24,-23.9
10.67,-15.24
5.21,-9.97
-1.8,-3.33
-4.03,3.14
-8.87,-3.04
-2.09,-13.26
8.97,-22.84
19.73,-32.5
30.74,-42.23
8.96,-52.63
-0.27,-65.21
0.61,-65.79
1.16,-65.36
-1.07,-65.51
-0.31,-68.9
0.24,-68.84
-0.24,-70.01
-1.41,-65.03
0.46,-68.39
0.01,-71.94
6.29,-35.59
13.44,-25.79
4.33,-19.01
2.71,-13.73
-2.39,-5.44
0.06,0.97
0.6,-9.69
9.34,-15.6
14.09,-19.14
17.66,-27.97
9.24,-35.1
2.47,-35.0
-5.51,-33.2
-5.3,-27.39
-7.11,-27.1
-7.17,-24.1
-6.04,-25.77
-5.36,-20.93
-4.89,-17.66
-3.5,-19.0
-1.64,-18.99
0.44,-13.8
-1.21,-14.24
-1.54,-12.01
-2.07,-11.23
-1.41,-4.13
-2.83,-6.79
-3.07,-12.49
6.4,-33.87
12.7,-25.44
4.56,-16.13
1.27,-10.23
-3.61,-2.76
-0.89,0.01
3.56,-9.8
9.53,-15.83
15.54,-22.9
20.4,-32.74
4.69,-41.46
-2.97,-46.8
-2.89,-44.76
-1.63,-41.86
-1.86,-42.73
-2.2,-40.84
-3.53,-41.83
-1.8,-38.44
-1.53,-36.89
-0.66,-36.97
-0.59,-35.24
-0.94,-32.24
-2.34,-28.21
-3.03,-27.4
-3.94,-26.5
-4.31,-29.5
-2.09,-30.29
0.01,-28.37
4.6,-31.9
10.43,-25.44
4.17,-17.67
3.41,-10.16
-2.97,-2.71
-4.11,2.46
-0.81,-3.4
5.79,-6.7
13.03,-9.96
16.63,-19.29
8.99,-28.96
0.16,-35.99
-4.57,-32.11
-5.91,-28.01
-6.24,-24.11
-4.81,-22.6
-4.8,-22.81
-4.86,-20.4
-6.27,-18.27
-4.07,-13.34
-3.86,-14.8
-1.04,-13.94
0.46,-15.59
2.41,-15.9
5.99,-14.19
6.57,-14.6
8.19,-15.54
0.99,-38.36
3.6,-26.54
1.67,-20.61
1.56,-13.23
2.67,-6.24
0.93,3.74
3.73,-2.07
10.5,-3.51
14.56,-9.61
17.87,-21.57
9.51,-31.57
4.51,-38.87
4.51,-36.14
-0.97,-31.24
-1.66,-31.31
-2.07,-30.34
-3.26,-28.44
-3.51,-24.36
-4.27,-23.01
-6.11,-22.09
-6.21,-19.23
-5.51,-19.39
-4.36,-20.33
-1.76,-21.64
-0.09,-21.67
0.54,-19.93
0.63,-22.39
1.06,-36.29
2.2,-28.89
1.19,-20.07
1.61,-12.09
1.84,-8.26
5.24,3.63
6.21,-1.5
11.06,-5.6
14.39,-23.94
21.36,-34.06
18.57,-42.6
21.39,-47.1
14.71,-46.29
3.37,-47.76
-1.99,-51.41
-1.46,-52.61
-0.47,-52.74
-0.71,-54.26
-1.27,-55.94
-1.83,-57.4
-2.2,-56.51
-1.99,-59.71
-0.64,-61.44
0.77,-60.29
0.24,-61.96
-1.89,-65.69
-0.56,-64.84
0.44,-61.87
2.46,-66.03
4.84,-68.0
0.24,-66.04
-1.54,-63.19
-1.24,-61.54
1.01,-59.59
-0.24,-58.07
-0.03,-56.14
0.06,-54.07
-0.29,-51.41
-0.6,-48.84
-1.34,-47.31
-1.56,-44.91
-1.47,-44.41
-2.03,-42.89
-1.49,-41.19
-1.33,-36.54
-2.61,-35.1
-2.54,-32.34
-3.06,-32.21
-2.3,-30.74
-0.83,-29.26
0.13,-27.46
0.9,-26.53
1.63,-21.84
2.17,-17.66
1.09,-14.46
-0.17,-11.41
3.19,-70.33
-0.54,-68.51
0.61,-68.0
0.54,-66.74
0.13,-65.23
0.49,-62.46
0.17,-59.63
-0.49,-56.84
-1.77,-53.71
-2.07,-50.83
-2.67,-48.4
-2.29,-44.57
-2.27,-41.24
-2.96,-39.39
-2.5,-36.31
-2.16,-33.6
-2.21,-31.16
-1.87,-28.1
-1.06,-26.4
-0.46,-25.39
1.31,-23.63
2.29,-21.73
3.26,-20.49
4.49,-15.91
3.89,-10.76
2.21,-6.61
0.49,-2.54
-1.33,2.96
2.81,-73.3
-0.56,-70.73
0.37,-70.27
0.24,-71.21
0.07,-70.14
-0.31,-67.69
-0.61,-66.57
-0.34,-64.5
0.2,-62.24
0.09,-60.44
0.03,-58.29
-0.17,-56.64
-0.19,-54.21
-0.61,-51.54
-1.14,-49.76
-0.9,-47.6
-1.06,-45.61
-1.06,-43.8
-0.59,-44.24
-0.07,-42.54
-0.2,-41.74
0.51,-41.49
1.49,-40.27
2.44,-39.89
3.53,-37.14
3.7,-32.97
2.77,-29.21
3.01,-72.29
-1.13,-70.14
-2.5,-70.31
0.16,-64.93
0.76,-62.34
-1.81,-59.23
-2.91,-56.89
-3.03,-54.71
-1.39,-52.21
-1.5,-48.87
-0.8,-45.4
-1.07,-41.87
-2.24,-40.51
-3.07,-35.5
-5.59,-33.71
-6.07,-31.46
-6.51,-22.97
-8.6,-16.83
-10.93,-12.41
-13.41,-8.96
-13.8,-5.01
-14.99,-1.24
-13.39,3.63
-14.36,0.49
-12.19,1.44
-9.46,1.46
-3.66,1.79
2.77,1.67
3.0,-72.16
-2.11,-69.7
-0.03,-68.87
-0.27,-70.01
-0.63,-67.6
-0.27,-64.23
-0.69,-62.07
-0.81,-58.01
-1.7,-53.81
-2.04,-49.39
-3.47,-45.53
-5.09,-40.99
-5.84,-34.7
-6.83,-30.57
-8.64,-26.51
-8.93,-21.79
-10.31,-18.36
-9.21,-13.03
-9.09,-9.04
-10.24,-5.01
-8.9,-2.34
-8.94,2.06
-6.93,5.57
-7.14,2.44
-2.39,3.16
2.03,0.77
6.1,-4.11
12.03,-10.29
3.01,-73.23
-0.53,-70.77
0.84,-71.3
0.79,-71.09
1.46,-67.03
0.41,-64.37
-0.99,-61.84
-1.09,-58.41
-2.2,-54.61
-2.69,-50.43
-3.4,-42.3
-6.96,-39.71
-7.99,-34.31
-8.86,-30.64
-10.49,-25.67
-11.33,-22.1
-13.11,-18.19
-10.11,-14.31
-11.19,-8.44
-10.43,-4.87
-9.19,-1.16
-9.87,1.31
-8.29,5.4
-8.76,1.69
-3.19,1.63
1.86,-1.11
6.91,-6.4
11.77,-12.46
2.86,-72.19
-0.89,-70.69
1.49,-71.5
-0.04,-69.24
-0.81,-63.61
-2.29,-63.3
-1.44,-60.53
-1.66,-57.87
-0.09,-54.03
-0.91,-51.2
-1.37,-48.54
-1.69,-46.23
-1.76,-39.07
-3.97,-38.51
-3.36,-35.06
-3.36,-32.6
-2.93,-29.09
-3.49,-27.96
-3.9,-28.04
-0.86,-26.63
0.31,-25.19
1.41,-22.83
2.37,-20.36
3.3,-13.64
1.89,-9.61
0.26,-4.79
-1.03,-0.46
2.31,-70.24
0.3,-67.03
-0.03,-67.93
0.5,-66.69
0.71,-64.3
-0.66,-61.71
-1.54,-60.04
-2.17,-58.37
-1.33,-55.41
-0.56,-53.44
-0.76,-50.66
-0.44,-48.01
-0.59,-47.33
-0.47,-45.61
-0.81,-41.14
-1.73,-37.57
-2.67,-34.03
-3.63,-27.49
-6.24,-28.17
-5.91,-26.36
-5.29,-23.73
-5.17,-22.3
-3.77,-17.2
-4.91,-11.11
-5.93,-6.29
-6.93,3.21
-11.33,5.86
3.23,-72.93
-1.57,-70.79
1.24,-69.26
2.4,-68.67
1.91,-65.74
-0.14,-64.51
-0.61,-64.23
0.13,-59.66
-1.71,-58.67
-2.3,-56.0
-2.96,-52.17
-4.2,-49.29
-3.56,-46.17
-4.14,-42.83
-4.77,-39.77
-5.81,-33.86
-7.04,-32.46
-7.8,-29.3
-7.31,-27.23
-6.27,-26.47
-5.61,-24.73
-3.63,-23.27
-1.73,-21.23
-0.9,-17.84
1.43,-11.41
0.14,-7.57
-1.7,-1.74
-3.2,1.63
2.94,-70.4
-2.06,-68.67
1.34,-68.69
2.36,-67.7
0.64,-66.37
-0.2,-64.26
-0.07,-62.17
0.54,-60.01
0.29,-58.27
0.31,-56.37
0.14,-53.66
-0.37,-51.37
-0.67,-48.81
-1.36,-48.37
-1.69,-46.71
-1.91,-42.53
-3.41,-40.27
-4.39,-36.74
-4.91,-34.14
-6.1,-32.13
-6.26,-30.89
-5.26,-29.0
-5.27,-27.29
-3.24,-26.13
-1.5,-20.94
-2.63,-16.5
-3.13,-11.17
-3.91,-7.44
3.24,-74.6
-0.81,-72.6
-0.7,-72.99
-0.3,-71.56
0.27,-72.24
0.3,-69.26
0.13,-67.9
-0.19,-64.6
-0.47,-62.01
-0.73,-57.77
-2.24,-55.23
-2.51,-51.49
-3.46,-48.46
-4.66,-44.63
-4.13,-42.29
-4.01,-38.91
-4.79,-35.27
-3.99,-32.33
-4.34,-28.51
-4.04,-22.99
-4.61,-23.74
-3.71,-22.04
-2.06,-19.71
-0.34,-18.06
0.57,-12.8
0.71,-7.96
-0.34,-2.7
-1.97,5.43
3.53,-71.6
-1.47,-70.06
-2.96,-69.07
-0.61,-66.89
0.64,-66.46
-0.37,-64.01
-0.7,-61.47
-1.53,-58.71
-1.73,-54.79
-2.27,-51.17
-3.47,-48.56
-3.51,-45.73
-3.69,-42.13
-4.66,-38.87
-4.46,-36.41
-3.51,-32.7
-4.36,2.76
-20.07,-17.24
-16.09,-18.99
-11.47,-22.29
-7.49,-23.01
-2.87,-24.73
1.16,-25.79
4.86,-26.4
9.49,-27.99
13.47,-27.31
16.69,-26.6
19.13,-25.57
2.3,-68.16
4.57,-70.51
2.54,-69.61
0.5,-67.59
0.21,-66.33
-0.09,-64.76
-0.26,-62.7
-0.47,-60.77
-0.89,-58.23
-1.71,-56.9
-2.1,-55.7
-2.44,-54.1
-2.04,-52.1
-1.17,-50.29
-1.41,-49.01
-0.47,-46.4
-0.69,-44.73
-0.93,-43.03
-1.16,-41.56
-1.03,-40.04
-0.89,-40.11
-0.6,-36.17
-1.46,-37.47
-0.19,-36.46
1.16,-35.69
2.04,-35.06
2.94,-33.3
3.31,-32.24
2.67,-73.53
0.64,-72.19
0.59,-70.86
0.46,-71.23
0.77,-70.07
0.24,-68.89
-0.01,-67.74
0.07,-66.17
-0.13,-64.03
-0.49,-62.37
-0.66,-56.69
-2.96,-56.34
-2.93,-55.34
-3.13,-53.79
-2.83,-51.83
-0.71,-49.16
-1.29,-47.6
-0.97,-45.71
-0.86,-44.01
-0.84,-40.79
-1.57,-36.91
-2.83,-37.77
-1.43,-36.94
-0.6,-36.06
0.21,-35.04
1.0,-34.06
1.61,-32.71
2.04,-30.81
2.94,-71.71
6.0,-70.03
3.46,-68.09
0.5,-68.63
0.63,-67.31
0.57,-65.09
-0.09,-62.49
-0.49,-60.41
-0.81,-57.93
-0.91,-55.39
-0.77,-52.36
-1.56,-50.56
-1.83,-48.34
-1.77,-47.11
-1.76,-44.11
-1.77,-42.3
-1.0,-39.8
-1.13,-37.9
-0.66,-35.34
-0.56,-33.43
-0.54,-32.36
-0.11,-31.76
1.09,-30.54
1.79,-28.89
2.5,-27.73
3.47,-24.74
3.17,-19.76
1.91,-17.47
2.2,-68.39
-1.7,-68.21
-3.76,-64.83
-2.0,-63.26
0.33,-61.47
0.69,-58.81
1.31,-56.63
0.67,-54.37
0.4,-52.37
-0.3,-49.74
-1.07,-47.44
-0.73,-44.56
-1.23,-42.16
-1.51,-39.3
-1.6,-36.54
-2.01,-34.43
-2.23,-32.31
-2.31,-31.26
-2.16,-29.8
-2.14,-26.5
-2.17,-23.39
-2.16,-20.29
-2.76,-18.77
-2.4,-17.09
-1.83,-15.49
-1.59,-13.36
-1.44,-9.26
-1.7,-4.41
4.83,-64.69
13.19,-67.44
6.17,-64.0
-2.71,-61.76
-4.1,-60.9
-1.91,-50.74
-2.01,-51.74
-3.03,-46.3
-2.9,-45.54
-2.63,-44.97
-2.46,-42.61
-1.49,-39.91
0.0,-35.56
-0.53,-34.43
1.54,-31.96
1.06,-27.09
-0.49,-24.29
-1.61,-21.73
-2.66,-18.49
-4.71,-17.1
-4.69,-17.46
-5.1,-19.46
-3.9,-20.23
-1.9,-19.87
-1.21,-20.07
1.24,-18.93
3.0,-17.87
5.24,-16.37
1.6,-60.2
-3.84,-73.04
1.31,-71.71
3.16,-67.39
2.44,-65.4
-0.6,-55.3
-1.64,-61.8
-1.01,-59.2
-1.47,-56.07
-1.1,-55.86
-0.57,-54.23
0.5,-55.1
1.59,-51.07
1.27,-45.81
-0.84,-39.91
-3.87,-36.46
-6.67,-27.61
-10.64,-24.51
-12.67,-15.71
-11.26,-22.76
-10.91,-19.99
-7.0,-17.21
-5.7,-17.24
-1.67,-11.47
-1.43,-3.7
0.76,4.09
0.07,-1.7
2.86,-4.81
2.91,-49.63
9.24,-24.74
-3.7,-23.39
-13.37,-9.99
-20.49,-8.64
-23.23,-14.66
-4.86,-13.07
2.7,1.5
18.09,-18.23
25.19,-4.61
11.74,-37.46
10.9,-32.39
5.01,-25.74
4.79,-20.24
-1.94,-15.79
-2.06,-12.81
-2.43,-7.96
-1.5,-3.2
-4.03,-3.67
-5.5,6.9
-4.81,-11.19
-1.57,-15.07
2.66,-20.33
7.39,-25.33
14.94,-28.99
20.73,-22.07
18.81,-26.59
-7.67,-47.67
1.14,-47.57
6.16,-49.41
-3.56,-46.19
-10.99,-32.67
-17.17,-25.93
-3.83,-20.01
0.23,-14.43
3.96,-7.17
7.11,-10.19
15.76,-8.77
11.54,5.66
3.2,-21.39
2.41,-20.36
0.69,-6.87
0.71,-4.53
-1.27,-12.6
-0.47,-5.84
-1.01,7.81
-1.23,-12.47
2.31,-12.94
6.21,-15.77
10.97,-16.29
14.14,-21.46
19.14,-28.37
24.17,-32.57
19.81,-24.83
16.11,-38.37
13.0,-38.89
3.39,-44.09
-4.99,-57.56
-8.61,-54.77
-2.31,-39.43
0.94,-47.49
-0.7,-44.59
0.41,-44.61
1.33,-43.04
3.21,-40.9
2.46,-41.11
1.8,-25.37
-1.69,-30.6
-5.83,-29.49
-7.7,-28.66
-8.8,-17.4
-6.4,-23.37
-1.8,-21.83
-0.51,-8.09
1.6,-17.6
4.14,-13.04
3.17,-1.14
2.86,-15.81
1.49,-15.11
7.01,-34.26
13.64,-28.44
20.39,-48.93
27.16,-56.6
30.74,-61.64
1.03,-34.37
8.91,-48.56
4.57,-36.31
1.73,-33.13
-5.63,-37.06
-3.76,-35.74
-2.39,-32.23
-4.99,-30.34
-5.01,-16.73
-4.07,-23.53
-3.4,-9.27
-4.6,-5.7
-4.0,-7.01
-6.64,-3.97
-8.93,9.96
-12.01,-3.23
-11.33,1.63
-10.51,1.6
-3.7,-0.76
5.51,-27.46
16.47,-21.19
21.13,-27.99
25.23,-37.41
10.07,-44.46
-0.13,-59.44
-4.07,-66.86
-1.13,-75.89
-5.61,-48.61
-1.09,-42.39
-0.59,-35.03
-8.2,-33.53
-10.19,-31.16
-2.97,-22.94
-1.77,-9.1
0.14,-9.09
-1.21,-19.09
-0.59,-15.16
1.77,2.11
1.13,-11.76
1.34,-10.04
-0.5,-8.66
-0.33,-5.77
-0.34,8.76
0.46,-14.03
3.81,-11.01
7.57,-13.76
10.21,-16.8
14.21,-7.49
10.44,-12.07
6.69,-16.54
-1.63,-23.66
-6.5,-26.53
-6.24,-29.04
-6.47,-29.23
-0.43,-32.67
9.9,-35.13
19.89,-23.97
8.54,-12.0
-4.37,-27.47
5.24,-25.43
11.61,-21.19
4.09,-30.07
4.83,-37.34
-0.93,-32.87
2.0,-33.63
2.27,-31.96
3.04,-29.03
1.47,-24.76
-3.07,-23.36
-3.33,-17.69
-6.76,-19.57
-4.16,-18.07
-2.14,-16.9
-1.76,-15.71
-1.81,-16.21
1.64,-12.66
-0.17,-15.86
0.1,-18.5
0.51,-23.83
2.86,-23.89
3.81,-25.76
-20.97,-38.31
-28.03,-12.29
-11.07,-8.59
-1.76,1.16
12.39,7.9
-5.34,12.49
-4.61,6.51
-10.69,13.89
-14.54,10.06
-7.47,11.6
-0.46,15.63
4.24,10.96
-0.93,2.6
-1.51,-4.09
-0.7,-6.37
1.43,-4.1
2.1,0.74
0.0,3.36
-2.93,3.5
-4.61,0.79
-3.04,5.81
-3.47,5.46
-2.37,14.89
-6.33,10.8
-4.93,9.23
-5.41,5.64
-0.69,3.99
0.27,-1.7
8.94,-29.71
16.5,-19.47
4.94,-13.47
-2.77,-13.09
-1.47,-18.1
7.6,-16.47
11.51,-16.66
15.11,-18.47
6.24,-28.23
4.81,-34.66
7.96,-31.01
9.66,-27.27
9.03,-23.71
6.84,-21.74
4.1,-24.21
1.79,-27.16
2.03,-26.26
2.09,-22.93
1.59,-18.54
-1.39,-18.51
-1.74,-15.87
-2.81,-17.6
-2.76,-16.79
-0.9,-19.99
3.31,-23.37
6.13,-27.21
6.29,-23.7
13.3,-13.99
-1.9,-7.41
-7.47,-2.83
-14.76,8.59
-6.29,7.01
2.46,1.16
9.99,1.23
13.81,-12.56
0.47,-27.3
-4.7,-33.8
-6.96,-34.83
-3.46,-28.39
-4.06,-29.54
-2.07,-27.11
-2.41,-24.07
-2.97,-19.87
-0.16,-20.6
0.16,-20.09
1.41,-17.46
1.7,-13.5
0.66,-7.83
0.47,-9.39
0.19,-13.41
1.27,-16.11
3.1,-20.94
6.99,-22.26
8.9,-22.27
8.11,-33.83
17.11,-12.64
2.14,-0.39
-9.51,-11.66
-3.67,-20.7
13.73,-19.2
26.13,-21.03
6.46,-31.41
-4.07,-40.86
-2.13,-38.07
-4.6,-30.01
-6.71,-25.01
-6.03,-25.16
-4.37,-25.59
-2.97,-19.47
0.49,-15.1
1.13,-16.7
1.37,-17.06
1.19,-14.74
1.41,-4.83
-2.63,-8.77
-2.23,-11.44
-2.0,-17.16
-1.47,-17.51
-0.24,-18.8
6.73,-20.69
8.34,-22.09
1.61,-16.66
-6.41,-30.49
-0.49,-26.99
5.71,-22.93
30.71,-25.31
18.67,-22.21
1.34,-40.04
-3.17,-45.46
-4.06,-41.46
-0.41,-36.69
-2.34,-37.0
-3.24,-35.47
-3.71,-30.7
-3.1,-31.66
-2.59,-29.8
-2.89,-20.07
-6.97,-20.24
-4.77,-20.6
-4.09,-15.14
-4.44,-12.06
-5.46,-12.66
-0.5,-12.59
-0.31,-14.8
1.43,-16.37
3.36,-20.03
6.6,-23.54
2.97,-21.33
0.64,-15.06
-7.01,-11.36
-9.93,-15.89
4.91,-16.37
18.49,-11.9
34.11,-18.21
-0.61,-31.59
-1.47,-47.29
-4.76,-46.9
-3.77,-45.2
-1.63,-42.16
-1.97,-37.34
-0.53,-28.77
-2.97,-28.83
-3.04,-22.99
-5.27,-20.89
-7.24,-21.59
-4.3,-17.27
-4.13,-19.26
-2.53,-11.29
-0.67,-6.24
-0.01,-7.04
-0.97,-7.53
1.06,-6.9
0.07,-12.37
3.0,-16.77
6.23,-28.54
14.71,-19.2
6.27,-11.34
-2.5,-8.4
-2.29,-2.37
-1.83,2.91
-2.91,-7.86
3.57,-11.86
11.99,-18.14
5.07,-24.03
1.89,-33.76
-5.24,-33.1
-4.91,-28.49
-5.57,-26.63
-2.74,-21.84
-1.33,-17.41
-2.54,-18.56
-2.54,-16.44
-3.1,-12.63
-3.59,-9.66
-4.29,-9.56
-2.76,-10.99
-2.73,-11.89
-0.36,-14.9
0.99,-17.53
3.3,-21.43
5.23,-21.93
-11.79,-28.53
-25.54,-23.09
-14.89,-15.07
-9.0,-9.04
13.37,6.66
5.89,16.61
-1.71,8.49
-2.97,0.91
-0.03,3.46
0.19,10.4
-2.41,15.36
-4.64,10.7
-1.34,5.47
4.11,5.2
7.39,-2.27
5.46,-7.64
0.77,-16.47
0.31,-2.81
-5.54,-6.34
-4.07,-6.07
-1.07,-17.04
-1.23,-2.0
5.74,-1.7
4.89,-4.26
0.9,-3.76
-2.84,-13.94
-2.03,-14.83
0.39,-7.74
0.26,-20.61
-20.43,-34.37
-33.41,-13.49
-41.54,-9.97
-25.91,2.09
-15.86,15.36
1.33,5.61
10.59,-2.89
15.0,-8.83
-6.44,-33.13
-8.99,-47.31
-2.07,-46.49
0.21,-41.77
0.0,-36.89
-0.81,-34.94
-0.49,-27.26
-2.47,-21.83
-3.16,-17.81
-4.87,-11.54
-7.76,-7.94
-7.56,-8.69
-7.57,-8.73
-6.23,-7.77
-2.96,-9.64
0.63,-14.01
1.27,-20.57
3.63,-24.86
5.94,-21.11
5.36,-22.53
3.33,-45.53
9.93,-50.19
18.99,-51.79
10.76,-50.11
5.57,-46.6
-4.94,-36.69
-10.87,-32.64
-8.3,-30.34
-10.56,-32.87
-6.77,-23.04
1.36,-34.07
4.14,-31.49
7.97,-29.66
9.47,-24.94
11.7,-19.26
9.61,-17.17
6.9,-7.0
3.64,-4.06
1.7,-2.76
-1.41,-1.67
-3.46,-3.76
-1.53,-4.61
0.84,-5.19
3.9,-6.83
5.94,-1.83
3.87,-0.13
3.86,2.07
0.29,-58.29
4.16,-58.47
1.03,-52.17
-5.67,-47.79
-4.69,-43.64
-7.56,-35.39
-6.84,-32.69
-6.87,-31.53
-4.09,-27.86
-1.24,-24.79
0.04,-19.37
2.67,-17.07
4.24,-14.39
4.5,-10.69
4.41,-7.2
3.64,-8.79
2.86,-5.93
3.01,-3.57
2.24,0.44
0.1,6.57
-3.73,3.19
-4.4,20.77
-11.7,10.23
-10.34,7.33
-7.01,1.17
-2.93,-2.7
1.73,-6.86
4.93,-9.21
0.59,-53.61
6.06,-50.34
0.49,-48.33
-3.13,-42.87
-8.41,-33.71
-6.04,-24.06
-5.59,-26.1
-3.54,-23.6
-2.99,-19.71
-2.7,-14.59
-0.56,-12.2
-0.57,-10.03
0.09,-2.27
0.49,-6.59
3.19,-5.63
4.26,-4.93
5.56,1.63
7.73,1.11
10.21,-8.43
5.06,-15.34
2.09,-23.43
1.34,-23.61
2.67,-22.81
0.84,-24.34
0.01,-23.53
1.5,-22.74
4.74,-20.7
7.21,-19.11
4.33,-34.97
9.1,-14.31
-13.83,-18.29
-16.2,-19.09
-15.14,-27.13
-10.19,-25.57
14.41,-12.5
12.09,-9.57
2.1,-24.1
1.3,-44.34
4.06,-52.56
3.01,-62.7
-0.36,-50.96
-1.56,-52.47
-1.41,-67.67
0.44,-57.53
-0.41,-65.61
0.36,-66.8
0.0,-66.0
0.43,-61.16
-0.21,-61.36
-0.33,-64.94
0.6,-67.03
0.0,-77.2
0.11,-61.31
-0.09,-61.46
3.84,-51.4
13.17,-39.24
5.7,-39.37
-2.91,-34.04
0.39,-30.7
0.8,-16.34
-5.27,-17.69
-4.39,-13.61
-4.09,-20.17
-3.84,-18.01
-2.6,-19.3
-9.16,-21.03
-13.71,-11.69
-2.64,-34.54
7.64,-25.97
19.96,-42.53
27.67,-31.91
9.71,-53.53
0.21,-43.53
-0.46,-45.53
0.86,-57.79
0.53,-46.9
0.47,-47.9
-0.6,-52.14
0.54,-52.16
1.06,-61.69
-0.34,-50.33
-0.39,-52.97
0.39,-55.0
0.13,-62.44
-0.57,-51.56
-0.34,-53.79
-0.27,-54.17
-0.03,-54.11
-0.1,-56.7
-0.46,-59.31
2.94,-29.14
7.71,-22.76
1.57,-13.51
-2.27,-7.13
-5.39,0.7
-2.73,-4.2
2.86,-8.64
13.04,-12.94
17.27,-16.41
9.23,-25.04
1.46,-35.16
-4.67,-30.53
-3.91,-28.53
-5.83,-26.89
-4.23,-24.17
-3.73,-20.69
-3.77,-8.49
-5.79,-12.89
-2.86,-6.84
-3.13,-2.79
-5.79,-13.8
-1.43,-18.36
8.04,-22.47
12.26,-29.01
17.13,-35.63
22.77,-40.97
-17.97,-43.6
-27.5,-20.89
-38.86,-9.54
-30.11,-4.79
-21.26,5.23
-4.66,1.86
25.67,2.87
17.7,-5.69
5.6,-29.44
-2.81,-48.51
-2.36,-34.24
-7.86,-40.01
-7.63,-31.11
-9.07,-25.41
-3.9,-22.37
-4.74,-20.5
-6.51,-21.56
-3.03,-19.09
-0.91,-20.69
0.29,-15.56
1.94,-15.77
2.99,-10.26
2.69,-5.59
1.83,-9.39
0.76,-15.59
3.13,-18.37
3.9,-18.87
4.8,-20.63
6.7,-21.83
5.03,-26.41
11.73,-8.91
2.54,-5.37
2.64,-4.13
-0.86,-15.47
16.9,-19.84
25.27,-23.51
8.06,-32.1
-3.67,-48.77
-1.39,-48.59
2.51,-33.27
-3.06,-37.49
-4.46,-29.83
-7.89,-26.29
-4.66,-22.99
-4.77,-23.87
-4.0,-23.16
-0.11,-23.44
3.0,-23.51
4.17,-35.09
4.71,-23.4
2.74,-18.84
-2.69,-14.83
-7.91,-20.5
-10.03,-23.9
-9.27,-33.84
-4.59,-24.3
0.26,-28.8
4.11,-20.86
9.2,-14.76
14.64,-4.09
9.14,8.84
1.44,-13.89
4.37,-25.53
14.91,-35.43
24.54,-34.9
6.94,-38.33
-6.66,-51.11
-2.14,-53.81
0.87,-52.67
-0.7,-58.06
0.44,-57.69
0.63,-59.19
0.13,-61.03
-0.24,-62.76
-0.14,-63.74
-0.5,-64.29
-0.94,-59.59
-2.06,-64.39
0.67,-65.96
0.24,-67.24
0.69,-67.56
0.53,-70.11
2.17,-73.14
1.13,-66.24
6.26,-66.4
2.64,-65.03
-2.26,-63.63
-0.31,-63.61
0.14,-63.54
0.4,-60.23
1.09,-57.1
0.86,-55.27
-0.37,-48.74
-3.44,-45.77
-6.43,-43.39
-8.23,-36.71
-10.21,-36.07
-11.6,-31.73
-9.96,-25.89
-8.79,-21.47
-8.84,-20.87
-9.5,-19.59
-6.46,-16.99
-5.29,-19.71
-3.43,-16.69
-0.87,-15.9
2.17,-13.64
4.04,-5.53
3.9,-2.73
3.17,1.61
0.39,2.19
-1.14,-29.74
-6.29,-26.33
-10.17,-38.16
-14.44,-34.03
0.77,-29.41
9.47,-23.66
13.5,-17.77
14.03,-8.04
3.67,-1.44
-6.96,-15.11
-9.26,-7.57
-6.43,-2.0
-2.27,-0.49
-1.64,4.56
-1.24,6.84
1.34,6.63
-1.6,-12.74
-2.16,3.53
-5.17,14.04
-9.14,-3.2
-7.06,7.7
-4.94,-10.99
0.67,-7.3
7.79,-24.4
16.63,-29.73
24.54,-35.03
22.76,-43.23
2.67,-57.59
9.83,-68.89
5.16,-67.63
-2.23,-68.77
-0.06,-62.64
-0.84,-62.99
-1.61,-63.01
-2.0,-56.09
-2.56,-46.44
-3.63,-49.91
-5.01,-47.43
-7.04,-44.03
-6.2,-39.44
-6.66,-35.99
-5.8,-33.57
-7.39,-30.33
-6.51,-26.27
-6.76,-14.6
-8.29,-19.91
-6.89,-22.59
-3.04,-22.63
0.3,-22.31
2.51,-21.23
6.21,-17.67
7.43,-12.91
6.4,-5.46
6.17,-2.76
3.5,-31.67
13.49,-11.24
-0.86,-10.74
-10.43,-26.84
-7.49,-18.53
-1.24,-20.76
18.86,-20.57
23.66,-4.9
12.23,-36.64
1.96,-21.67
-6.81,-8.74
-12.69,-14.01
-9.01,-8.14
-10.39,-2.51
-9.47,-4.09
-4.64,4.0
5.37,-6.24
7.99,-27.53
12.79,-16.53
16.56,-27.74
19.06,-19.94
12.7,-23.14
9.43,-28.49
10.41,-30.36
6.36,-30.6
5.91,-46.3
10.01,-50.8
10.23,-57.33
-13.19,-55.07
6.7,-42.91
18.51,-41.03
27.9,-30.3
6.71,-35.99
-6.26,-21.33
-8.81,-28.97
-11.57,-30.4
-6.74,-29.26
12.94,-16.84
11.21,-9.16
-0.81,-57.6
2.97,-57.41
2.21,-57.1
-0.14,-55.03
0.73,-60.47
2.54,-59.97
1.13,-57.7
-0.57,-53.8
-1.5,-54.17
-2.6,-49.66
-3.47,-47.29
-4.59,-42.0
-5.96,-41.14
-6.03,-40.64
-3.86,-37.46
-3.71,-36.66
-4.53,-32.4
-4.01,-30.24
-3.8,-28.06
-5.17,-24.36
-5.86,-28.17
-4.23,-26.56
-1.33,-26.4
2.49,-27.3
4.59,-24.81
7.24,-17.66
6.67,-15.49
5.37,-11.44
-0.56,-58.21
-3.69,-58.7
-6.34,-56.34
-1.16,-51.43
1.26,-50.19
-0.56,-45.26
-1.97,-44.43
-1.74,-43.23
-2.23,-42.74
-2.21,-37.87
-1.29,-34.59
-0.16,-34.34
1.3,-28.53
-0.21,-31.19
1.1,-27.16
1.09,-23.96
1.04,-19.77
0.3,-16.41
-0.51,-14.64
0.87,-8.83
1.89,-8.8
1.86,-6.71
3.19,-10.63
6.97,-10.76
9.84,-13.51
12.99,-15.39
15.53,-14.46
15.77,-13.11
1.67,-75.84
-2.54,-63.77
-4.83,-61.31
-2.13,-52.93
-2.59,-51.51
-4.49,-48.7
-3.0,-46.26
-4.76,-45.93
-2.97,-44.07
-2.1,-42.2
0.14,-35.16
-0.89,-31.0
0.34,-23.37
-1.9,-21.51
-3.49,-22.07
-3.69,-22.24
-2.71,-18.66
-0.61,-12.84
-0.93,-10.64
0.61,-2.73
-1.21,-4.17
1.56,-4.57
4.61,-6.09
5.81,-9.79
6.93,-14.71
9.7,-16.07
11.39,-12.41
10.99,-12.3
-1.06,-62.53
-1.94,-63.1
-0.96,-67.36
-1.81,-64.56
-0.81,-62.56
0.2,-59.79
0.5,-55.89
0.34,-55.4
0.74,-55.03
1.03,-52.24
1.56,-49.64
1.84,-46.97
2.07,-45.43
1.7,-42.81
1.81,-38.06
-1.46,-34.89
-3.33,-30.17
-6.57,-26.34
-8.69,-25.44
-9.67,-24.14
-9.7,-22.89
-6.93,-19.64
-6.93,-12.4
-4.0,-11.19
-3.61,-7.06
-5.77,-0.44
-6.69,-6.09
2.06,-62.06
-3.84,-69.59
-0.67,-68.3
-1.79,-66.09
-1.51,-66.5
-1.24,-62.19
-1.2,-61.17
-1.29,-61.34
0.66,-59.76
1.9,-58.46
3.44,-56.33
2.73,-57.03
2.71,-55.46
1.83,-52.39
0.24,-51.94
-1.7,-51.69
-2.41,-50.59
-2.31,-50.96
-0.56,-49.04
0.94,-47.99
1.9,-46.3
1.66,-41.5
-0.97,-43.9
-1.29,-43.9
-1.44,-43.6
-1.33,-43.81
-0.77,-32.83
3.2,-50.84
-5.13,-64.89
-9.8,-61.0
-3.86,-56.36
1.44,-53.21
2.13,-49.57
0.73,-46.14
-0.76,-19.84
-13.8,-7.91
-24.11,-12.94
-24.79,-12.93
-22.71,-9.94
-22.76,-1.06
-12.47,-9.1
-8.34,-8.8
6.39,-11.51
6.23,-23.09
7.57,-22.93
7.64,-12.4
1.59,-26.66
-4.5,-35.57
-3.49,-37.71
-4.29,-36.51
-4.96,-44.17
0.33,-48.56
4.66,-51.27
5.67,-57.74
0.83,-74.29
5.0,-68.81
3.23,-68.47
0.1,-65.99
0.87,-63.43
-1.59,-59.83
-4.33,-57.56
-5.17,-55.33
-4.41,-54.63
-4.44,-51.0
-1.54,-49.64
-1.01,-49.34
-1.17,-45.03
-2.83,-40.04
-4.6,-35.79
-6.23,-35.19
-6.39,-34.84
-5.81,-29.31
-7.7,-27.86
-6.41,-26.79
-4.17,-26.43
-2.93,-26.63
-0.1,-24.79
2.16,-23.11
3.07,-21.26
3.07,-16.91
4.31,-15.86
4.34,-12.97
1.56,-62.44
-2.47,-64.36
-0.41,-61.77
-0.93,-56.43
-2.47,-56.33
-1.69,-52.17
-1.83,-50.29
1.14,-43.24
0.17,-42.36
-2.01,-40.13
-3.36,-39.43
-5.11,-33.9
-6.13,-32.21
-7.44,-29.01
-5.17,-15.41
-5.5,-21.6
-5.41,-11.97
-4.81,-10.06
-4.71,-10.93
-2.54,-10.49
1.11,-7.96
1.87,-9.81
4.43,-8.64
8.41,-4.03
6.41,-0.23
3.76,-8.03
5.81,-9.53
4.83,-23.34
18.34,-8.26
2.13,-39.6
-7.19,-33.33
1.31,-31.96
9.13,-20.97
34.46,-14.17
7.43,-11.73
4.66,-29.16
-10.23,-31.59
-6.56,-21.03
-6.77,-19.21
-4.64,-15.8
-1.24,-7.77
-4.06,1.04
-6.27,-9.87
-1.76,-9.46
1.27,-9.46
5.54,-12.01
9.97,-12.94
16.31,-29.93
24.89,-20.77
15.4,-31.07
0.69,-22.86
-2.3,-27.86
-5.96,-26.94
-9.71,-21.5
-10.81,-27.67
9.29,-8.99
-8.74,-19.61
9.3,-30.73
-3.61,-54.11
0.64,-43.9
2.09,-46.57
-0.76,-49.19
-0.01,-41.44
-3.09,-43.57
0.69,-49.24
-3.5,-47.34
-3.14,-39.0
1.94,-53.4
0.64,-51.39
-1.51,-39.43
0.11,-38.81
-0.93,-47.04
-5.31,-36.97
-3.8,-36.1
-0.7,-49.93
0.4,-46.41
-2.31,-34.23
-0.31,-49.29
-0.54,-51.01
-2.31,-40.81
-0.5,-50.23
-0.31,-56.53
1.33,-48.06
2.69,0.73
-5.33,-2.64
-2.31,-43.71
3.31,-48.3
15.47,-27.83
5.57,-32.93
-2.84,-32.61
-2.31,-37.57
0.94,-22.76
-4.5,-20.39
-5.24,-16.66
-4.41,-14.74
-4.49,-29.97
-3.41,-9.94
-8.03,-19.94
-4.8,-6.4
-9.49,4.36
-8.0,-18.29
-3.86,-25.8
5.73,-24.03
5.36,-29.0
2.0,-40.73
0.33,-29.31
1.73,-28.73
0.77,-45.87
-2.76,-35.59
-2.57,-55.73
1.07,-70.41
-1.54,-7.86
0.14,4.49
7.97,-1.46
13.93,-12.21
20.8,-34.01
-2.1,-38.19
-1.23,-55.79
1.51,-56.13
0.69,-62.37
1.5,-63.17
1.49,-59.86
-1.61,-61.89
0.96,-57.39
-1.96,-55.5
-2.2,-55.89
-0.96,-56.63
-0.39,-57.11
0.23,-59.53
1.57,-59.91
-1.01,-60.01
0.71,-60.73
-0.64,-62.01
-1.49,-48.41
-3.17,-44.07
-3.11,-47.31
-3.56,-52.39
6.56,-16.37
-1.73,13.64
1.39,-5.81
2.3,12.41
5.29,-8.96
0.64,-16.93
4.03,9.36
5.43,12.09
2.4,-26.69
3.4,3.91
-3.24,16.46
-7.0,3.54
-11.06,5.87
-0.1,6.54
17.06,-9.14
1.04,-8.84
-1.11,-35.86
-5.86,-33.94
-11.69,-16.8
-6.77,-16.73
-2.39,-17.69
1.67,-27.99
-0.51,-11.39
-4.13,-17.86
-2.04,-18.2
-0.57,-11.81
0.26,-28.46
22.6,-40.57
1.13,-26.47
3.39,-45.61
-2.23,-25.99
-7.83,-37.3
-8.29,-33.7
-0.34,-31.77
-1.21,-34.27
0.94,-30.33
1.71,-39.5
2.96,-35.06
3.4,-35.26
-0.64,-44.1
1.73,-46.17
0.66,-50.21
-0.24,-50.51
-0.31,-34.96
-7.33,-38.13
-9.76,-33.59
-4.04,-33.97
-2.54,-33.21
-0.7,-36.46
0.44,-38.84
1.01,-46.29
3.3,-53.46
9.44,-0.7
-4.79,-25.87
10.47,-37.51
-3.81,-32.94
-7.17,-44.57
-5.2,-44.07
-0.47,-46.64
1.49,-46.33
-0.79,-47.54
0.07,-49.56
1.09,-53.4
1.61,-51.84
-1.21,-50.46
-2.71,-48.44
-1.96,-48.06
-0.03,-46.74
-0.96,-46.93
-0.17,-57.74
3.56,-52.09
-1.1,-55.1
0.07,-57.39
0.0,-58.97
-0.66,-50.03
0.73,-47.7
-1.84,-49.19
-0.53,-56.93
6.73,-6.7
8.6,-13.81
-0.03,-51.5
-3.41,-34.66
-1.93,-39.27
0.07,-31.39
-3.11,-33.3
0.54,-30.76
1.33,-26.66
0.09,-30.57
1.97,-53.74
4.01,-33.37
-1.66,-33.2
-4.27,-24.27
-10.7,-18.83
-9.49,-21.0
-4.6,-17.64
-1.11,-10.19
-3.0,-10.33
-5.41,-10.56
-1.64,-44.63
1.74,-37.47
2.73,-39.93
-0.36,-23.01
0.61,-16.7
-0.59,-48.06
2.57,-34.51
1.34,-43.53
3.83,-42.06
-2.93,-31.56
-9.26,-33.31
-12.3,-14.41
-12.77,-13.69
-12.6,-0.11
-10.5,-3.29
-14.0,15.14
-10.61,21.31
-8.76,29.66
-10.17,-2.46
-3.4,9.77
3.44,2.93
1.36,-1.31
-1.09,11.36
-7.29,20.54
-19.46,12.26
-16.03,21.49
-16.17,26.27
-21.19,9.21
-23.24,18.84
-11.91,1.66
-3.1,21.7
4.4,4.69
5.93,-39.44
3.8,-46.21
6.63,-38.29
9.27,-6.2
23.09,13.54
-5.7,-24.93
-0.01,-38.29
-2.46,-49.11
-2.91,-52.97
1.07,-43.34
-4.83,-46.11
-2.61,-47.56
0.19,-46.39
-2.19,-40.2
-3.47,-39.4
-5.64,-39.61
-2.94,-35.91
-2.69,-37.46
-0.5,-37.89
0.97,-39.8
3.97,-34.96
1.0,-35.16
-5.11,-42.01
-2.04,-40.49
0.39,-39.49
-0.03,-39.76
-1.47,-37.5
-0.54,-34.97
-2.11,-32.37
-4.09,-40.29
4.14,-56.23
-4.36,-67.93
-7.79,-65.04
-2.76,-62.63
1.29,-60.01
0.33,-61.89
0.69,-60.9
0.83,-59.89
2.01,-55.76
0.83,-56.07
1.34,-53.43
1.0,-53.01
1.14,-51.56
1.7,-48.07
0.19,-41.1
-2.04,-37.66
-3.7,-29.73
-7.53,-21.29
-9.17,-24.77
-9.94,-20.04
-12.63,-22.87
-9.76,-22.06
-7.11,-20.19
-6.73,-16.57
-3.24,-12.36
-4.26,1.83
-5.73,-0.86
-6.0,-5.49
3.27,-51.33
11.1,-43.5
-4.63,-24.26
-26.7,-30.17
-29.51,-32.53
-4.34,-15.31
3.67,-13.84
27.87,-23.61
17.1,-7.6
7.31,-17.8
6.21,-14.54
-6.76,2.86
-13.13,5.19
-16.56,-6.99
-9.19,-5.66
-2.79,-15.39
0.9,-17.31
7.99,-19.09
19.61,-6.21
10.39,-41.26
1.51,-48.96
-3.01,-40.57
-0.66,-39.64
-1.59,-57.2
-3.26,-48.7
-1.77,-53.81
-0.57,-55.19
-0.29,-44.17
3.69,-41.5
13.31,-52.26
6.77,-38.67
3.34,-35.97
-6.04,-39.47
-2.57,-34.01
-3.13,-27.31
0.37,-23.1
0.11,-15.27
-4.54,-18.06
-4.81,-6.43
-4.23,-11.5
-4.56,-11.5
-4.21,-12.97
0.84,-7.61
0.83,5.37
-0.31,-10.64
-1.37,-3.34
-5.96,-1.87
-10.74,-9.89
-6.33,0.19
-2.71,-15.86
1.09,-21.79
4.74,-15.41
15.16,-20.53
14.41,-29.2
12.13,-46.19
10.57,-38.33
4.0,-48.5
14.7,-52.63
7.06,-41.54
-4.14,-47.93
1.09,-36.27
2.96,-33.26
2.56,-41.26
1.3,-27.21
-1.66,-22.7
-2.71,-24.46
-5.49,-13.87
-10.19,-8.07
-13.11,-14.37
-10.31,-4.04
-5.14,-3.56
0.83,-0.83
8.5,-26.41
20.84,-31.79
19.57,-24.49
17.89,-30.31
15.11,-33.19
-0.07,-36.19
-3.94,-45.07
-4.4,-54.11
-1.64,-64.3
-0.1,-71.14
0.49,-64.43
1.0,-60.36
-5.89,-62.74
-11.29,-64.33
-3.66,-59.07
1.24,-54.09
0.66,-54.89
-0.89,-51.3
0.6,-50.47
1.89,-45.21
2.2,-42.87
2.11,-25.29
-2.84,-15.27
-14.21,-7.7
-22.06,9.77
-33.13,3.83
-34.86,-0.96
-31.79,2.23
-26.01,2.5
-25.1,15.77
-15.21,14.9
-5.37,-6.71
10.39,1.64
4.66,-0.01
-0.21,-38.33
-0.19,-42.07
-1.97,-37.03
-5.26,-51.63
-0.99,-53.53
2.3,-77.47
-2.44,-63.39
-0.99,-71.56
-2.6,-63.3
-4.19,-61.77
-4.19,-50.74
-6.3,-51.77
-3.91,-42.21
-2.54,-46.93
-2.77,-41.67
-1.34,-36.19
-3.11,-25.84
-3.93,-25.21
-5.63,-21.39
-6.93,-16.26
-8.24,-8.96
-10.51,-4.17
-13.26,4.11
-14.44,8.0
-15.73,3.84
-13.99,5.31
-9.66,7.89
-6.69,0.86
0.13,-4.87
8.51,-16.63
17.63,-11.44
29.91,-18.67
27.4,-33.63
-0.57,-71.71
3.59,-57.14
1.91,-65.43
-2.39,-64.47
-1.67,-59.46
2.41,-59.09
3.83,-56.69
1.44,-53.5
-2.1,-50.74
-5.76,-47.77
-6.03,-44.94
-7.03,-43.51
-6.19,-41.57
-3.47,-37.66
-2.14,-33.87
-3.9,-31.16
-4.14,-29.33
-4.06,-23.0
-7.7,-21.67
-8.99,-21.49
-8.71,-20.54
-5.61,-18.26
-3.94,-17.26
-1.3,-11.21
-1.2,-1.2
-1.7,2.77
-5.47,5.14
-5.76,1.64
3.41,-67.26
9.2,-66.53
3.01,-65.64
-1.26,-62.9
-0.07,-60.33
4.73,-57.6
1.46,-57.79
0.76,-44.3
-3.73,-42.89
-4.99,-47.27
-3.14,-37.67
-4.07,-35.76
-4.63,-34.51
-3.61,-29.39
-5.49,-22.73
-9.77,-21.7
-9.94,-20.31
-10.73,-9.01
-10.84,-15.23
-9.33,-13.67
-9.39,-10.76
-5.93,-3.33
-4.27,-9.3
1.73,-7.0
3.9,-2.29
2.44,-0.74
1.11,-8.46
2.5,-8.56
0.86,-76.33
-1.84,-74.63
-0.33,-73.79
0.3,-70.23
0.39,-68.61
-0.51,-66.77
-0.73,-63.79
-0.27,-61.37
0.11,-59.23
-0.36,-56.0
-1.13,-52.09
-3.31,-52.14
-4.79,-49.31
-5.49,-42.81
-7.46,-31.81
-13.34,-23.96
-16.21,-17.86
-19.61,-15.66
-23.2,-8.91
-25.77,-3.87
-25.87,-5.53
-25.63,-6.83
-18.4,-5.49
-17.37,-4.24
-10.49,-2.07
-8.64,-1.97
2.61,-15.09
1.53,-79.77
-2.21,-68.5
0.54,-71.56
-0.73,-73.77
-2.57,-67.81
-5.03,-69.06
-4.26,-67.97
-1.26,-67.17
-0.89,-64.79
0.71,-61.49
0.87,-59.29
0.47,-51.39
-0.09,-57.21
-0.44,-55.27
-1.23,-49.11
-4.01,-47.09
-6.07,-41.33
-8.41,-36.9
-10.19,-25.33
-13.16,-27.79
-13.17,-23.44
-13.19,-18.2
-16.21,-13.76
-15.57,-11.14
-17.04,-6.16
-15.61,0.0
-14.31,5.04
-16.0,7.2
0.56,-78.89
-2.37,-78.89
1.1,-79.43
0.36,-75.93
-1.24,-73.99
-2.34,-71.07
-1.54,-67.84
-1.59,-61.53
-1.04,-64.1
-2.66,-63.71
-1.81,-54.99
-2.41,-61.43
-1.2,-53.93
-1.29,-56.14
-1.64,-52.99
-1.73,-50.16
-2.16,-47.71
-2.54,-41.03
-5.17,-26.76
-12.1,-16.81
-19.37,-15.64
-21.2,-4.57
-26.09,2.0
-30.76,5.93
-34.29,-1.83
-27.87,-3.24
-24.69,-6.17
-13.1,-2.09
1.81,-76.5
-2.57,-61.3
-6.69,-69.73
-3.89,-66.79
1.44,-56.34
0.33,-62.01
-1.56,-61.11
-2.23,-58.89
-0.71,-56.14
-0.21,-54.03
0.79,-51.29
1.87,-52.5
2.63,-49.49
3.01,-46.5
2.99,-45.39
2.44,-43.07
2.07,-38.69
-0.16,-31.8
-4.06,-27.54
-7.66,-12.29
-16.87,-8.3
-22.96,-2.93
-26.99,1.59
-30.53,8.36
-30.4,1.4
-30.21,0.31
-24.2,0.11
-19.63,-1.24
0.26,-71.53
5.19,-69.44
-1.33,-72.61
-2.23,-71.57
0.83,-69.84
1.69,-67.23
-0.27,-60.23
-3.06,-48.87
-9.24,-35.6
-14.31,-36.3
-18.59,-18.51
-22.31,-13.46
-26.5,-8.99
-23.23,2.33
-28.4,-0.14
-24.6,9.23
-29.41,0.74
-21.27,-2.21
-15.74,-5.11
-0.97,3.99
8.26,-17.47
17.43,-24.23
28.47,-32.76
36.96,-42.87
31.63,-55.11
24.59,-57.51
19.56,-58.51
6.19,-54.73
2.31,-68.41
-3.79,-72.56
-7.26,-65.24
-2.46,-67.31
0.76,-66.99
1.87,-56.4
0.14,-54.87
0.16,-55.24
-2.16,-47.17
-3.04,-45.91
-2.86,-44.49
-2.77,-40.24
-3.71,-38.84
-2.17,-37.01
-1.03,-26.49
-4.67,-17.19
-9.29,-10.13
-13.97,-11.31
-17.49,-7.36
-19.19,-1.7
-21.76,2.86
-24.66,-0.37
-24.11,3.74
-20.31,5.9
-17.27,-1.2
-7.94,-2.59
-4.06,-6.73
5.34,-1.41
1.46,-70.36
-3.74,-64.29
1.66,-75.36
3.39,-71.11
0.47,-71.1
-2.6,-68.91
-1.69,-67.24
-1.56,-62.67
-3.36,-58.06
-4.9,-55.57
-5.04,-55.44
-4.03,-52.17
-5.01,-46.24
-5.01,-46.91
-4.56,-43.2
-4.83,-39.21
-6.11,-37.76
-7.0,-38.2
-3.84,-36.71
-3.33,-34.31
-1.9,-31.61
-1.8,-33.51
2.37,-32.54
4.24,-32.59
7.51,-32.14
8.34,-30.56
9.79,-26.37
8.46,-24.97
1.13,-76.44
-2.31,-71.81
-0.77,-71.6
0.7,-70.5
1.9,-68.11
0.89,-64.53
-1.41,-62.9
-1.33,-55.56
-4.71,-52.74
-5.41,-51.99
-5.73,-49.44
-6.31,-47.84
-3.26,-44.41
-1.31,-41.97
-0.66,-36.16
-0.89,-36.34
1.06,-32.23
0.47,-31.14
0.0,-28.89
0.1,-25.01
-2.24,-25.01
-1.07,-23.19
-2.04,-20.21
-3.06,-20.41
-1.49,-15.36
-2.21,-10.01
-4.33,0.31
-6.04,-1.53
2.56,-69.33
-0.06,-80.97
0.39,-79.31
-0.77,-77.64
-0.29,-76.56
-0.67,-71.34
-1.9,-71.34
-2.74,-69.71
-0.33,-61.43
0.73,-64.26
0.83,-61.51
0.47,-59.27
0.46,-56.4
0.49,-54.2
0.59,-52.4
1.27,-52.0
1.33,-50.79
2.23,-48.0
2.41,-45.17
2.67,-42.94
2.89,-41.9
2.97,-40.17
3.26,-39.04
3.04,-39.5
2.94,-35.53
2.23,-29.21
-0.44,-24.94
0.24,-74.5
-2.01,-74.66
0.8,-72.1
0.16,-62.04
-0.43,-69.44
-0.56,-65.24
-0.57,-65.74
0.29,-63.41
0.59,-58.41
0.57,-51.93
-2.43,-44.56
-2.84,-44.24
-5.83,-43.7
-6.23,-39.03
-5.29,-34.2
-7.27,-34.21
-8.4,-22.24
-7.47,-21.24
-9.07,-20.47
-10.19,-21.54
-8.21,-20.87
-3.81,-20.16
-2.14,-20.26
1.03,-21.1
5.13,-15.63
5.24,-12.96
8.8,-9.29
10.39,-8.8
1.07,-68.49
-3.43,-57.71
-0.61,-59.94
-0.2,-61.2
-0.26,-73.9
1.43,-72.99
0.54,-66.4
-2.57,-69.34
-2.09,-66.46
1.03,-62.5
-0.03,-63.83
-0.34,-62.77
0.16,-63.57
-0.34,-62.66
0.03,-60.81
0.61,-58.47
0.41,-52.01
-3.8,-49.3
-7.03,-40.71
-11.96,-38.51
-12.39,-33.71
-16.07,-25.83
-14.43,-26.57
-14.2,-24.06
-6.94,-29.03
-6.24,-22.39
-3.94,-15.74
-3.7,-11.11
