backlog_pct,cdf
18.5143,0.00243
18.8429,0.00487
21.4571,0.0073
22.0571,0.00973
22.3714,0.01217
22.8143,0.0146
23.2286,0.01703
24.3143,0.01946
24.8286,0.0219
24.9714,0.02433
25.4286,0.02676
26.9571,0.0292
27.7143,0.03163
28.2714,0.03406
28.5571,0.0365
28.9857,0.03893
29.2143,0.04136
29.5429,0.0438
29.6143,0.04623
30.1,0.04866
30.4571,0.05109
31.2429,0.05353
31.3143,0.05596
31.3286,0.05839
31.4857,0.06083
31.8286,0.06326
32.4,0.06569
32.4143,0.06813
32.4857,0.07056
32.5429,0.07299
32.5571,0.07543
32.6,0.07786
32.6429,0.08029
32.8429,0.08273
32.9143,0.08516
33.3,0.08759
33.4,0.09002
34.0143,0.09246
34.1143,0.09732
34.2143,0.09976
34.3286,0.10219
34.3571,0.10462
34.4143,0.10706
34.4571,0.10949
34.6286,0.11192
34.8571,0.11679
35.0286,0.11922
35.2714,0.12165
35.5857,0.12409
35.8857,0.12652
35.9143,0.12895
36.4857,0.13139
36.8143,0.13382
36.8714,0.13625
36.9,0.13869
37.6429,0.14355
37.8286,0.14842
37.8857,0.15085
37.9286,0.15328
39.4429,0.15572
39.6,0.15815
39.6714,0.16058
39.8714,0.16302
40.0571,0.16545
40.0857,0.16788
40.1,0.17032
40.3429,0.17275
40.3714,0.17518
40.3857,0.17762
40.4857,0.18005
40.5571,0.18248
40.5714,0.18491
40.6,0.18735
40.7286,0.18978
40.8,0.19221
40.9714,0.19465
41.0,0.19708
41.0143,0.19951
41.1286,0.20195
41.1857,0.20438
41.2,0.20681
41.3286,0.20925
41.4,0.21168
41.5143,0.21411
41.5286,0.21655
41.6,0.21898
41.8286,0.22141
41.9,0.22384
41.9143,0.22628
41.9857,0.22871
42.1286,0.23114
42.1571,0.23601
42.4,0.23844
42.4857,0.24088
42.6714,0.24331
42.8143,0.24574
42.8571,0.24818
43.0714,0.25061
43.1429,0.25304
43.1571,0.25547
43.1714,0.25791
43.2143,0.26277
43.2714,0.26521
43.3286,0.26764
43.4429,0.27007
43.6143,0.27251
43.6429,0.27737
43.8714,0.27981
43.9714,0.28224
44.0714,0.28467
44.1429,0.2871
44.2143,0.28954
44.3429,0.29197
44.4286,0.2944
44.4429,0.29684
44.5429,0.29927
44.9714,0.3017
45.1,0.30414
45.1286,0.30657
45.1857,0.309
45.4286,0.31144
45.4429,0.31387
45.4571,0.3163
45.4714,0.31873
45.5714,0.3236
45.6286,0.32603
45.8571,0.32847
46.0857,0.33333
46.1429,0.3382
46.1571,0.34063
46.3286,0.3455
46.3857,0.34793
46.4571,0.35036
46.5143,0.3528
46.5714,0.35523
46.6429,0.35766
46.6714,0.3601
46.7286,0.36253
46.8429,0.36496
47.1857,0.3674
47.3429,0.36983
47.4143,0.37226
47.6286,0.3747
47.6429,0.37713
47.6857,0.37956
47.7429,0.382
47.7857,0.38443
47.9429,0.38686
48.0,0.38929
48.0286,0.39173
48.1286,0.39416
48.3857,0.39659
48.7143,0.39903
48.8286,0.40146
49.0143,0.40389
49.0429,0.40633
49.1286,0.40876
49.4143,0.41119
49.4571,0.41363
49.5571,0.41606
49.6,0.41849
49.7143,0.42092
49.7286,0.42336
49.8286,0.42579
49.9429,0.43066
49.9714,0.43309
49.9857,0.43552
50.1,0.43796
50.1286,0.44039
50.2286,0.44282
50.3286,0.44769
50.4,0.45012
50.4429,0.45255
50.5286,0.45499
50.7286,0.45742
50.8,0.46229
50.9143,0.46472
50.9857,0.46715
51.0429,0.46959
51.0857,0.47445
51.1857,0.47689
51.3,0.47932
51.3714,0.48175
51.4571,0.48418
51.7143,0.48905
52.0286,0.49148
52.1429,0.49392
52.2429,0.49635
52.4286,0.49878
52.4714,0.50122
52.5,0.50365
52.5286,0.50608
52.6571,0.50852
52.7143,0.51095
52.7857,0.51338
52.8429,0.51582
52.9857,0.51825
53.1143,0.52068
53.1571,0.52555
53.2143,0.52798
53.2286,0.53285
53.2857,0.53528
53.3143,0.53771
53.3857,0.54015
53.4143,0.54258
53.4429,0.54501
53.5,0.54745
53.5143,0.55231
53.5286,0.55474
53.6,0.55718
53.7429,0.55961
53.9143,0.56204
54.0,0.56448
54.1857,0.56691
54.2714,0.56934
54.3857,0.57178
54.4,0.57421
54.4429,0.57664
54.4571,0.57908
54.4857,0.58394
54.5286,0.58637
54.5571,0.59124
54.6286,0.59367
54.6571,0.59611
54.8,0.59854
54.9286,0.60097
54.9429,0.60341
54.9857,0.60584
55.0143,0.60827
55.0286,0.61071
55.0714,0.61314
55.1571,0.61557
55.1714,0.618
55.2571,0.62044
55.3143,0.62287
55.3571,0.6253
55.4429,0.62774
55.4714,0.63017
55.5,0.6326
55.5429,0.63504
55.7,0.63747
55.7143,0.6399
55.7286,0.64234
55.7571,0.64477
55.8429,0.6472
55.9286,0.65207
55.9857,0.6545
56.0143,0.65693
56.0429,0.65937
56.1714,0.6618
56.4,0.66423
56.4714,0.66667
56.5,0.6691
56.5714,0.67153
56.5857,0.67397
56.6143,0.6764
56.6286,0.67883
56.7,0.68127
56.7714,0.6837
56.7857,0.68613
56.8714,0.691
56.9,0.69586
56.9143,0.6983
57.0286,0.70073
57.2429,0.70316
57.4429,0.7056
57.6429,0.70803
57.7143,0.71046
57.7286,0.7129
57.7857,0.71776
57.8857,0.72019
58.0,0.72263
58.1714,0.72506
58.2143,0.72749
58.4429,0.72993
58.5,0.73236
58.8571,0.73479
58.8857,0.73723
58.9143,0.73966
59.0286,0.74209
59.0714,0.74453
59.1143,0.74696
59.2286,0.74939
59.3286,0.75182
59.3429,0.75669
59.3857,0.76156
59.4857,0.76399
59.7571,0.76886
59.9571,0.77129
60.2429,0.77372
60.3571,0.77616
60.4571,0.77859
60.5,0.78102
60.5143,0.78345
60.6714,0.78589
60.7286,0.79075
60.8143,0.79319
60.9,0.79562
60.9857,0.79805
61.0429,0.80049
61.0571,0.80292
61.1714,0.80535
61.3429,0.80779
61.4,0.81022
61.4143,0.81265
61.4857,0.81509
61.5,0.81752
61.5429,0.81995
61.9143,0.82238
61.9857,0.82482
62.0571,0.82725
62.1143,0.82968
62.3429,0.83212
62.3714,0.83455
62.4571,0.83698
62.5,0.83942
63.0143,0.84185
63.0857,0.84428
63.4571,0.84672
63.8,0.84915
63.8429,0.85158
63.8571,0.85401
64.2,0.85645
64.3143,0.85888
64.4286,0.86131
64.5429,0.86375
64.5857,0.86618
65.0429,0.86861
65.4429,0.87105
65.6571,0.87348
66.3571,0.87591
66.3714,0.87835
66.4,0.88078
66.6714,0.88321
66.8429,0.88564
66.9,0.88808
66.9857,0.89051
67.3,0.89294
67.4286,0.89538
67.5143,0.89781
68.0571,0.90024
68.5,0.90268
68.7571,0.90511
68.8429,0.90754
69.0,0.90998
69.2714,0.91241
69.3714,0.91484
70.1429,0.91727
70.2571,0.91971
71.0857,0.92457
71.2429,0.92701
71.3429,0.92944
71.7714,0.93187
71.8429,0.93431
73.2,0.93674
73.3571,0.93917
73.3714,0.94161
73.4429,0.94404
73.6,0.94647
74.0571,0.94891
74.1,0.95134
74.2286,0.95377
74.6,0.9562
74.9286,0.95864
75.9429,0.96107
76.0,0.9635
76.2429,0.96594
76.4714,0.96837
76.9429,0.9708
77.0286,0.97324
77.3,0.97567
77.5143,0.9781
78.1714,0.98054
78.7143,0.98297
78.7286,0.9854
79.6,0.98783
79.6286,0.99027
80.2143,0.9927
80.2286,0.99513
80.3286,0.99757
80.4429,1.0
